,0
0,https://www.youtube.com/watch?v=rqnAPo-r8uc
1,https://www.youtube.com/watch?v=nTWnU-AcoOE
2,https://www.youtube.com/watch?v=hFLZgMHdUK4
3,https://www.youtube.com/watch?v=mq7yszUJKAs
4,https://www.youtube.com/watch?v=l4a7MBfz-sw
5,https://www.youtube.com/watch?v=vGVatXSGv4A
6,https://www.youtube.com/watch?v=uQl-r3pqnnQ
7,https://www.youtube.com/watch?v=NC__B8j_Tk8
8,https://www.youtube.com/watch?v=WxRw73QWzuw
9,https://www.youtube.com/watch?v=cWiPROxS2HA
10,https://www.youtube.com/watch?v=mwENYk66q6M
11,https://www.youtube.com/watch?v=v9pOERMrHYI
12,https://www.youtube.com/watch?v=ys_uWgg8OY0
13,https://www.youtube.com/watch?v=1asKDNnjZlc
14,https://www.youtube.com/watch?v=YYQqRNaILVw
15,https://www.youtube.com/watch?v=Qk4acvdyyqo
16,https://www.youtube.com/watch?v=5ZSnOHD8omM
17,https://www.youtube.com/watch?v=2_NzEpRVGxQ
18,https://www.youtube.com/watch?v=iCBPf4alAFM
19,https://www.youtube.com/watch?v=pCUtPE4cAsk
20,https://www.youtube.com/watch?v=68ORjuHT1og
21,https://www.youtube.com/watch?v=kbiOgRK7Mcs
22,https://www.youtube.com/watch?v=gMAntzckPjI
23,https://www.youtube.com/watch?v=5m9iZIWFpO0
24,https://www.youtube.com/watch?v=u1FFnKY3mc8
25,https://www.youtube.com/watch?v=23f94jncwmg
26,https://www.youtube.com/watch?v=5CUC9DxxQOQ
27,https://www.youtube.com/watch?v=hKjfyZg_n8o
28,https://www.youtube.com/watch?v=5Hi9d_jaeOg
29,https://www.youtube.com/watch?v=K_Duwt0DevU
30,https://www.youtube.com/watch?v=zN_1eNqMARI
31,https://www.youtube.com/watch?v=jxtZQqgOc64
32,https://www.youtube.com/watch?v=UDxyybahXlc
33,https://www.youtube.com/watch?v=JPYlz4LhGbY
34,https://www.youtube.com/watch?v=cp1o-u5HQjA
35,https://www.youtube.com/watch?v=HwNZGCJRGPo
36,https://www.youtube.com/watch?v=6DtZosgMOs0
37,https://www.youtube.com/watch?v=dfJ92d5Sohw
38,https://www.youtube.com/watch?v=BUOkzcwi-A8
39,https://www.youtube.com/watch?v=778bzaegdpM
40,https://www.youtube.com/watch?v=Dbpz5UoxI_c
41,https://www.youtube.com/watch?v=OsOoZbwYXYA
42,https://www.youtube.com/watch?v=LxW2y1zH2ec
43,https://www.youtube.com/watch?v=2fSV5LrxISM
44,https://www.youtube.com/watch?v=ertWPkKvo2Q
45,https://www.youtube.com/watch?v=xL4A-23sk2U
46,https://www.youtube.com/watch?v=_k112zTWVsM
47,https://www.youtube.com/watch?v=g-wyF9uN6Co
48,https://www.youtube.com/watch?v=NBlxsgFCp_I
49,https://www.youtube.com/watch?v=PGeGvibHBvE
50,https://www.youtube.com/watch?v=Dt-FPG4qrH0
51,https://www.youtube.com/watch?v=0GUT3Egdd5k
52,https://www.youtube.com/watch?v=XMNpJNeMvqw
53,https://www.youtube.com/watch?v=zMtES3rGHYI
54,https://www.youtube.com/watch?v=3_OxOnzxoac
55,https://www.youtube.com/watch?v=8R8EzjVIhr8
56,https://www.youtube.com/watch?v=8AmVxstUk50
57,https://www.youtube.com/watch?v=fMlHrrMRItw
58,https://www.youtube.com/watch?v=Sg9T7t_nI3s
59,https://www.youtube.com/watch?v=CzfMYS6Vk9U
60,https://www.youtube.com/watch?v=Cz8FHOS-RT4
61,https://www.youtube.com/watch?v=goI5U9Go7JA
62,https://www.youtube.com/watch?v=ALTzR7yQ2Tw
63,https://www.youtube.com/watch?v=kUdqrMSWSMM
64,https://www.youtube.com/watch?v=5jp80RDT_bc
65,https://www.youtube.com/watch?v=X1b_QKdH3g8
66,https://www.youtube.com/watch?v=Dp6Jx-D0oHc
67,https://www.youtube.com/watch?v=8zZ2EixiUqw
68,https://www.youtube.com/watch?v=mqR0MiRbBRQ
69,https://www.youtube.com/watch?v=HWj_mj-kucE
70,https://www.youtube.com/watch?v=icqEkrwAvVs
71,https://www.youtube.com/watch?v=o6nZXIIw4Yw
72,https://www.youtube.com/watch?v=MMHjdbGDVWA
73,https://www.youtube.com/watch?v=z3OcfyWcZIo
74,https://www.youtube.com/watch?v=3DsUiMG9nT4
75,https://www.youtube.com/watch?v=XLRg6xi9dbc
76,https://www.youtube.com/watch?v=x5dHMFjQXrQ
77,https://www.youtube.com/watch?v=rAeqpBUxZJ8
78,https://www.youtube.com/watch?v=2CGj65_julo
79,https://www.youtube.com/watch?v=Vw6_xArkiRI
80,https://www.youtube.com/watch?v=AA_jBPxNjp0
81,https://www.youtube.com/watch?v=mpaBTcNiI3A
82,https://www.youtube.com/watch?v=wnHaSPhc0ys
83,https://www.youtube.com/watch?v=MWWt_Lao7mM
84,https://www.youtube.com/watch?v=Gb7c01J2WMc
85,https://www.youtube.com/watch?v=t8RoL-eqzeM
86,https://www.youtube.com/watch?v=_nmedlhYnsQ
87,https://www.youtube.com/watch?v=dzGT3JuKi9w
88,https://www.youtube.com/watch?v=KE89QzzI_3k
89,https://www.youtube.com/watch?v=ap8baX9pqv4
90,https://www.youtube.com/watch?v=PKSLWTcnPoo
91,https://www.youtube.com/watch?v=jXsGzgFq5Vs
92,https://www.youtube.com/watch?v=f6VMZ1WiENM
93,https://www.youtube.com/watch?v=zWPboHmlE0k
94,https://www.youtube.com/watch?v=em8_k-gNhlM
95,https://www.youtube.com/watch?v=T4kAqfqZEaI
96,https://www.youtube.com/watch?v=T0WmnkpW25c
97,https://www.youtube.com/watch?v=xQaHGjjyKDw
98,https://www.youtube.com/watch?v=VgEQjdTzQVo
99,https://www.youtube.com/watch?v=b0nQu2zu6ro
